review,rating,date,bank,source
"hi team, i can't screenshot after i transferred please solve this problem, thanks üôè",5,2025-12-02,Commercial Bank of Ethiopia,Google Play Store
thank you,5,2025-12-01,Commercial Bank of Ethiopia,Google Play Store
very good app,5,2025-12-01,Commercial Bank of Ethiopia,Google Play Store
excellent,1,2025-12-01,Commercial Bank of Ethiopia,Google Play Store
good,5,2025-11-30,Commercial Bank of Ethiopia,Google Play Store
CBE ·ã≠·àà·ã´·àç·ç¢,5,2025-11-29,Commercial Bank of Ethiopia,Google Play Store
it's special for me,5,2025-11-29,Commercial Bank of Ethiopia,Google Play Store
Make it user friendly.,2,2025-11-29,Commercial Bank of Ethiopia,Google Play Store
maaliif daddafee install gaafata,3,2025-11-28,Commercial Bank of Ethiopia,Google Play Store
good app,5,2025-11-28,Commercial Bank of Ethiopia,Google Play Store
This application is very important and advantage for transfer of money and finance in the coutry and foriegn country.,5,2025-11-27,Commercial Bank of Ethiopia,Google Play Store
why didn't work this app?,1,2025-11-27,Commercial Bank of Ethiopia,Google Play Store
The app makes our life easier. Thank you CBE!,5,2025-11-27,Commercial Bank of Ethiopia,Google Play Store
this app very bad üëé,1,2025-11-27,Commercial Bank of Ethiopia,Google Play Store
the most advanced app. but how to stay safe?,5,2025-11-27,Commercial Bank of Ethiopia,Google Play Store
Good application,4,2025-11-27,Commercial Bank of Ethiopia,Google Play Store
It is nice app,5,2025-11-26,Commercial Bank of Ethiopia,Google Play Store
best,5,2025-11-25,Commercial Bank of Ethiopia,Google Play Store
good app,5,2025-11-25,Commercial Bank of Ethiopia,Google Play Store
"it suddenly asked me to enter the verification key I received. and it (*get your verification key from the nearest CBE Branch*) Now I'm in Australia, what do you expect me to do???! There is no nearest or furthermost cbe Branch!! SO FRUSTRATING! How can I manage my bank account now????",1,2025-11-25,Commercial Bank of Ethiopia,Google Play Store
thanks blc this app help me to use all time,5,2025-11-24,Commercial Bank of Ethiopia,Google Play Store
good,5,2025-11-24,Commercial Bank of Ethiopia,Google Play Store
why we can't send money to other people telebirr wallets??,1,2025-11-24,Commercial Bank of Ethiopia,Google Play Store
·ä†·â≥·çç·à©·àù ·åç·äï ·àà15 birr 11.50 ·â•·à≠ ·àµ·âµ·âÜ·à≠·å° ·ã≠·àµ·â∞·ä´·ä®·àç·àç·äï,1,2025-11-23,Commercial Bank of Ethiopia,Google Play Store
·â†·å£·àù ·âÄ·àã·àç·äì ·àù·âπ ·äê·ãç·ç¢,5,2025-11-23,Commercial Bank of Ethiopia,Google Play Store
wow,5,2025-11-23,Commercial Bank of Ethiopia,Google Play Store
good,5,2025-11-23,Commercial Bank of Ethiopia,Google Play Store
nice,5,2025-11-22,Commercial Bank of Ethiopia,Google Play Store
you are the reason why i got ye chogara himem,1,2025-11-22,Commercial Bank of Ethiopia,Google Play Store
it is so smart app i recommend it for everyone,5,2025-11-22,Commercial Bank of Ethiopia,Google Play Store
excellent,5,2025-11-22,Commercial Bank of Ethiopia,Google Play Store
good,5,2025-11-21,Commercial Bank of Ethiopia,Google Play Store
·ã≥·åä,5,2025-11-21,Commercial Bank of Ethiopia,Google Play Store
absolutely right,5,2025-11-21,Commercial Bank of Ethiopia,Google Play Store
good app,5,2025-11-21,Commercial Bank of Ethiopia,Google Play Store
mid application it's so annoying,3,2025-11-20,Commercial Bank of Ethiopia,Google Play Store
I used morethan one year,4,2025-11-20,Commercial Bank of Ethiopia,Google Play Store
no word can explane about this app it is nice üëçüëçüëçüëçüëç,5,2025-11-20,Commercial Bank of Ethiopia,Google Play Store
"It's great app,I love this app",5,2025-11-20,Commercial Bank of Ethiopia,Google Play Store
Nice,5,2025-11-19,Commercial Bank of Ethiopia,Google Play Store
suckkkks,1,2025-11-19,Commercial Bank of Ethiopia,Google Play Store
not allowing to transfer and showing current statement updates.,1,2025-11-19,Commercial Bank of Ethiopia,Google Play Store
I love you this app,5,2025-11-19,Commercial Bank of Ethiopia,Google Play Store
"fast and convenient app, thanks for your dedication as a bank to provide good options to your cuatomers.",1,2025-11-19,Commercial Bank of Ethiopia,Google Play Store
make life easy,5,2025-11-19,Commercial Bank of Ethiopia,Google Play Store
securr,5,2025-11-19,Commercial Bank of Ethiopia,Google Play Store
My most optional bank,5,2025-11-17,Commercial Bank of Ethiopia,Google Play Store
5 star,5,2025-11-16,Commercial Bank of Ethiopia,Google Play Store
it is fantastic app.,5,2025-11-16,Commercial Bank of Ethiopia,Google Play Store
excellent,5,2025-11-16,Commercial Bank of Ethiopia,Google Play Store
